Id,Live,Status,Tip,Ride type,Rider Id,Rider Status,Request Id,Request time,# pax,Proposal Id,Driver Id,Van Id,Ride Cost,Pricing Scheme Id,Accepted,Paid Amount,Profile,Finance Links,Ride Payment Status,Proposed pickup,Proposed ETA,Original Pickup (before reassignment),I'm Here vs. Proposal,SMS vs. I'm Here,Pickup time,Dropoff,Cancelled,Description,Driver Error,City
163084,False,Finished,R$0,,13531,,751517,10/18/2019 06:59:28,1,511101,81,31,520,2219,1571392777.23,R$5.20,No Profile Detected,None,Paid (Direct Payment and Credits),None,,,None,None,None,None,None,None,None,GYN
163083,False,Finished,R$0,,49871,,751503,10/18/2019 06:58:40,1,511096,80,29,500,2219,1571392728.11,R$5,No Profile Detected,None,Paid (Direct Payment),None,,,None,None,None,None,None,None,None,GYN
163082,False,Finished,R$0,,8804,,751495,10/18/2019 06:58:15,1,511094,41,30,860,2219,1571392718.19,R$8.60,No Profile Detected,None,Paid (Direct Payment),None,,,None,None,None,None,None,None,None,GYN
163081,False,Finished,R$0,,52699,,751494,10/18/2019 06:58:13,1,511093,124,55,520,2219,1571392709.0,R$5.20,No Profile Detected,None,Paid (Direct Payment),None,,,None,None,None,None,None,None,None,GYN
163080,False,Finished<br/><a href="/admin/rider/riderfeedback/?flt1_9=163080">Feedback: 5</a>,R$0,,55310,,751486,10/18/2019 06:57:53,1,511089,91,32,500,2219,1571392690.78,R$5,No Profile Detected,None,Paid (Direct Payment),None,,,None,None,None,None,None,None,None,GYN
163079,False,Finished<br/><a href="/admin/rider/riderfeedback/?flt1_9=163079">Feedback: 5</a>,R$0,,49792,,751475,10/18/2019 06:57:26,2,511086,116,27,720,2219,1571392662.6,R$7.20,No Profile Detected,None,Paid (Direct Payment),None,,,None,None,None,None,None,None,None,GYN
163078,False,Finished,R$0,,47650,,751457,10/18/2019 06:56:07,1,511081,76,44,520,2219,1571392601.94,R$5.20,No Profile Detected,None,Paid (Direct Payment),None,,,None,None,None,None,None,None,None,GYN
163077,False,Finished<br/><a href="/admin/rider/riderfeedback/?flt1_9=163077">Feedback: 5</a>,R$0,,48405,,751447,10/18/2019 06:55:25,1,511077,17,35,520,2219,1571392532.93,R$5.20,No Profile Detected,None,Paid (Direct Payment),None,,,None,None,None,None,None,None,None,GYN
163076,False,Finished,R$0,,23763,,751444,10/18/2019 06:55:12,1,511076,27,48,940,2219,1571392520.37,R$9.40,No Profile Detected,None,Paid (Direct Payment),None,,,None,None,None,None,None,None,None,GYN
163075,False,Finished<br/><a href="/admin/rider/riderfeedback/?flt1_9=163075">Feedback: 5</a>,R$0,,4240,,751428,10/18/2019 06:54:23,1,511075,54,23,520,2219,1571392475.75,R$5.20,No Profile Detected,None,Paid (Direct Payment),None,,,None,None,None,None,None,None,None,GYN
163074,False,Finished<br/><a href="/admin/rider/riderfeedback/?flt1_9=163074">Feedback: 5</a>,R$0,,53802,,751422,10/18/2019 06:54:05,1,511074,80,29,670,2219,1571392460.2,R$6.70,No Profile Detected,None,Paid (Direct Payment),None,,,None,None,None,None,None,None,None,GYN
163073,False,Finished<br/><a href="/admin/rider/riderfeedback/?flt1_9=163073">Feedback: 5</a>,R$0,,23688,,751418,10/18/2019 06:54:00,1,511072,64,51,670,2219,1571392446.39,R$6.70,No Profile Detected,None,Paid (Direct Payment),None,,None,None,None,None,None,None,None,None,GYN
163072,False,Canceled by rider,R$0,,42758,,751397,10/18/2019 06:52:45,1,511069,116,27,0,2219,1571392383.12,R$0,No Profile Detected,None,Free,None,,,,,None,None,1571392775.08,None,None,GYN
163071,False,Canceled by rider,R$0,,55176,,751378,10/18/2019 06:51:56,1,511065,80,29,0,2219,1571392339.73,R$0,No Profile Detected,None,Free,None,,,,,None,None,1571392419.52,None,None,GYN
163070,False,Finished<br/><a href="/admin/rider/riderfeedback/?flt1_9=163070">Feedback: 5</a>,R$0,,34915,,751372,10/18/2019 06:51:29,1,511063,122,25,860,2219,1571392297.46,R$8.60,No Profile Detected,None,Paid (Direct Payment),None,,,None,None,None,None,None,None,None,GYN
163069,False,Finished<br/><a href="/admin/rider/riderfeedback/?flt1_9=163069">Feedback: 3</a>,R$0,,33498,,751367,10/18/2019 06:50:49,1,511061,76,44,1140,2219,1571392265.66,R$11.40,No Profile Detected,None,Paid (Direct Payment),None,,,None,None,None,None,None,None,None,GYN
163068,False,Finished<br/><a href="/admin/rider/riderfeedback/?flt1_9=163068">Feedback: 5</a>,R$0,,30954,,751362,10/18/2019 06:50:21,2,511056,37,49,910,2219,1571392244.52,R$9.10,No Profile Detected,None,Paid (Direct Payment),None,,,None,None,None,None,None,None,None,GYN
163067,False,Finished<br/><a href="/admin/rider/riderfeedback/?flt1_9=163067">Feedback: 5</a>,R$0,,1342,,751365,10/18/2019 06:50:32,1,511059,64,51,250,2219,1571392242.06,R$2.50,No Profile Detected,None,Paid (Credits),None,,,None,None,None,None,None,None,None,GYN
163066,False,Finished<br/><a href="/admin/rider/riderfeedback/?flt1_9=163066">Feedback: 5</a>,R$0,,7139,,751363,10/18/2019 06:50:23,1,511057,100,62,670,2219,1571392232.13,R$6.70,No Profile Detected,None,Paid (Direct Payment),None,,,None,None,None,None,None,None,None,GYN
163065,False,Reassigned,R$0,,23688,,751355,10/18/2019 06:49:18,1,511053,125,58,0,2219,1571392173.79,R$0,No Profile Detected,None,Free,None,,,,,None,None,1571392446.47,None,None,GYN
163064,False,Finished<br/><a href="/admin/rider/riderfeedback/?flt1_9=163064">Feedback: 5</a>,R$0,,40025,,751354,10/18/2019 06:49:10,1,511052,55,46,520,2219,1571392158.62,R$5.20,No Profile Detected,None,Paid (Direct Payment),None,,,None,None,None,None,None,None,None,GYN
163063,False,Finished,R$0,,34965,,751351,10/18/2019 06:48:56,1,511050,37,49,1140,2219,1571392149.99,R$11.40,No Profile Detected,None,Paid (Direct Payment),None,,,None,None,None,None,None,None,None,GYN
163062,False,Reassigned,R$0,,24863,,751353,10/18/2019 06:48:59,1,511051,18,53,0,2219,1571392149.04,R$0,No Profile Detected,None,Free,None,,,,,None,None,1571392806.09,None,None,GYN
163061,False,Finished<br/><a href="/admin/rider/riderfeedback/?flt1_9=163061">Feedback: 5</a>,R$0,,49896,,751350,10/18/2019 06:48:55,1,511049,62,40,670,2219,1571392147.3,R$6.70,No Profile Detected,None,Paid (Direct Payment),None,,,None,None,None,None,None,None,None,GYN
163060,False,Finished,R$0,,52576,,751349,10/18/2019 06:48:23,1,511048,37,49,1230,2219,1571392119.36,R$12.30,No Profile Detected,None,Paid (Direct Payment),None,,,None,None,None,None,None,None,None,GYN
163059,False,Finished<br/><a href="/admin/rider/riderfeedback/?flt1_9=163059">Feedback: 5</a>,R$0,,13013,,751348,10/18/2019 06:48:11,1,511047,55,46,860,2219,1571392105.32,R$8.60,No Profile Detected,None,Paid (Direct Payment),None,,,None,None,None,None,None,None,None,GYN
163058,False,Finished,R$0,,23756,,751344,10/18/2019 06:47:46,1,511046,30,45,470,2219,1571392082.24,R$4.70,No Profile Detected,None,Paid (Direct Payment),None,,,None,None,None,None,None,None,None,GYN
163057,False,Finished<br/><a href="/admin/rider/riderfeedback/?flt1_9=163057">Feedback: 5</a>,R$0,,23089,,751334,10/18/2019 06:46:12,1,511042,23,52,670,2219,1571391981.18,R$6.70,No Profile Detected,None,Paid (Direct Payment),None,,,None,None,None,None,None,None,None,GYN
163056,False,Canceled by rider,R$0,,55310,,751329,10/18/2019 06:45:43,1,511041,15,63,0,2219,1571391969.35,R$0,No Profile Detected,None,Free,None,,,,,None,None,1571392046.73,None,None,GYN
163055,False,Finished<br/><a href="/admin/rider/riderfeedback/?flt1_9=163055">Feedback: 5</a>,R$0,,56521,None,751326,10/18/2019 06:45:16,1,511039,71,43,500,2219,1571391945.75,R$5,No Profile Detected,None,Paid (Credits),None,,,None,None,None,None,None,None,None,GYN
163054,False,Finished<br/><a href="/admin/rider/riderfeedback/?flt1_9=163054">Feedback: 5</a>,R$0,,41031,,751324,10/18/2019 06:45:12,1,511038,70,59,670,2219,1571391924.49,R$6.70,No Profile Detected,None,Paid (Direct Payment),None,,,None,None,None,None,None,None,None,GYN
163053,False,Canceled by rider,R$0,,56492,None,751314,10/18/2019 06:44:25,1,511035,70,59,0,2219,1571391874.42,R$0,No Profile Detected,None,Free,None,,,,,None,None,1571391906.95,None,None,GYN
163052,False,Finished,R$0,,48729,,751312,10/18/2019 06:44:18,1,511032,41,30,1180,2219,1571391867.14,R$11.80,No Profile Detected,None,Paid (Direct Payment),None,,,None,None,None,None,None,None,None,GYN
163051,False,Finished<br/><a href="/admin/rider/riderfeedback/?flt1_9=163051">Feedback: 5</a>,R$0,,26258,,751310,10/18/2019 06:44:00,1,511030,27,48,670,2219,1571391859.32,R$6.70,No Profile Detected,None,Paid (Credits),None,,,None,None,None,None,None,None,None,GYN
163050,False,Finished,R$0,,18362,,751311,10/18/2019 06:44:07,1,511031,122,25,500,2219,1571391858.4,R$5,No Profile Detected,None,Paid (Direct Payment),None,,,None,None,None,None,None,None,None,GYN
163049,False,Canceled by rider,R$0,,55310,,751308,10/18/2019 06:43:51,1,511029,17,35,0,2219,1571391850.58,R$0,No Profile Detected,None,Free,None,,,,,None,None,1571391868.21,None,None,GYN
163048,False,Finished,R$0,,910,,751305,10/18/2019 06:43:43,1,511027,54,23,940,2219,1571391838.01,R$9.40,No Profile Detected,None,Paid (Credits),None,,,None,None,None,None,None,None,None,GYN
163047,False,Finished,R$0,,33728,,751302,10/18/2019 06:43:39,1,511025,38,56,670,2219,1571391832.82,R$6.70,No Profile Detected,None,Paid (Direct Payment),None,,,None,None,None,None,None,None,None,GYN
163046,False,Finished,R$0,,44788,,751300,10/18/2019 06:43:33,1,511024,30,45,470,2219,1571391828.59,R$4.70,No Profile Detected,None,Paid (Direct Payment),None,,,None,None,None,None,None,None,None,GYN
163045,False,Finished<br/><a href="/admin/rider/riderfeedback/?flt1_9=163045">Feedback: 5</a>,R$0,,31897,,751298,10/18/2019 06:43:19,1,511023,23,52,520,2219,1571391821.32,R$5.20,No Profile Detected,None,Paid (Direct Payment),None,,,None,None,None,None,None,None,None,GYN
163044,False,Finished,R$0,,37469,,751295,10/18/2019 06:43:05,1,511022,100,62,470,2219,1571391796.26,R$4.70,No Profile Detected,None,Paid (Direct Payment),None,,,None,None,None,None,None,None,None,GYN
163043,False,Finished<br/><a href="/admin/rider/riderfeedback/?flt1_9=163043">Feedback: 5</a>,R$0,,40339,,751293,10/18/2019 06:43:03,1,511021,89,61,470,2219,1571391795.05,R$4.70,No Profile Detected,None,Paid (Direct Payment),None,,,None,None,None,None,None,None,None,GYN
163042,False,Finished<br/><a href="/admin/rider/riderfeedback/?flt1_9=163042">Feedback: 5</a>,R$0,,44976,,751291,10/18/2019 06:42:59,1,511020,17,35,500,2219,1571391786.94,R$5,No Profile Detected,None,Paid (Credits),None,,,None,None,None,None,None,None,None,GYN
163041,False,Finished,R$0,,9046,,751285,10/18/2019 06:42:33,1,511017,67,34,500,2219,1571391767.42,R$5,No Profile Detected,None,Paid (Direct Payment),None,,,None,None,None,None,None,None,None,GYN
163040,False,Canceled by rider,R$0,,18362,,751279,10/18/2019 06:42:04,1,511016,41,30,0,2219,1571391738.29,R$0,No Profile Detected,None,Free,None,,,,,None,None,1571391750.68,None,None,GYN
163039,False,Finished<br/><a href="/admin/rider/riderfeedback/?flt1_9=163039">Feedback: 5</a>,R$0,,33647,,751276,10/18/2019 06:41:40,1,511015,92,50,860,2219,1571391709.0,R$8.60,No Profile Detected,None,Paid (Direct Payment),None,,,None,None,None,None,None,None,None,GYN
163038,False,Finished,R$0,,18396,,751266,10/18/2019 06:40:27,1,511011,73,33,860,2219,1571391652.03,R$8.60,No Profile Detected,None,Paid (Direct Payment),None,,,None,None,None,None,None,None,None,GYN
163037,False,Finished<br/><a href="/admin/rider/riderfeedback/?flt1_9=163037">Feedback: 5</a>,R$0,,42857,,751264,10/18/2019 06:40:21,3,511009,23,52,770,2219,1571391640.37,R$7.70,No Profile Detected,None,Paid (Direct Payment),None,,,None,None,None,None,None,None,None,GYN
163036,False,Finished<br/><a href="/admin/rider/riderfeedback/?flt1_9=163036">Feedback: 5</a>,R$0,,53589,,751263,10/18/2019 06:40:20,1,511010,77,54,940,2219,1571391628.05,R$9.40,No Profile Detected,None,Paid (Credits),None,,,None,None,None,None,None,None,None,GYN
163035,False,Finished<br/><a href="/admin/rider/riderfeedback/?flt1_9=163035">Feedback: 3</a>,R$0,,6887,,751245,10/18/2019 06:39:15,1,511004,87,60,670,2219,1571391576.6,R$6.70,No Profile Detected,None,Paid (Direct Payment),None,,,None,,None,None,None,None,None,GYN
163034,False,Finished,R$0,,56350,None,751241,10/18/2019 06:38:50,1,511003,124,55,470,2219,1571391544.32,R$4.70,No Profile Detected,None,Paid (Direct Payment),None,,,None,None,None,None,None,None,None,GYN
163033,False,Finished,R$0,,33430,,751232,10/18/2019 06:38:12,1,511001,18,53,860,2219,1571391517.08,R$8.60,No Profile Detected,None,Paid (Direct Payment),None,,,None,None,None,None,None,None,None,GYN
163032,False,Finished<br/><a href="/admin/rider/riderfeedback/?flt1_9=163032">Feedback: 5</a>,R$0,,48894,,751234,10/18/2019 06:38:20,2,511002,55,46,550,2219,1571391513.68,R$5.50,No Profile Detected,None,Paid (Direct Payment),None,,,None,None,None,None,None,None,None,GYN
163031,False,Finished,R$0,,56685,None,751230,10/18/2019 06:38:08,1,510998,62,40,470,2219,1571391501.81,R$4.70,No Profile Detected,None,Paid (Credits),None,,,None,None,None,None,None,None,None,GYN
163030,False,Finished<br/><a href="/admin/rider/riderfeedback/?flt1_9=163030">Feedback: 5</a>,R$0,,7139,,751231,10/18/2019 06:38:11,1,511000,17,35,250,2219,1571391498.21,R$2.50,No Profile Detected,None,Paid (Direct Payment),None,,,None,None,None,None,None,None,None,GYN
163029,False,Finished<br/><a href="/admin/rider/riderfeedback/?flt1_9=163029">Feedback: 5</a>,R$0,,49365,,751226,10/18/2019 06:38:01,1,510997,116,27,470,2219,1571391489.97,R$4.70,No Profile Detected,None,Paid (Direct Payment),None,,,None,None,None,None,None,None,None,GYN
163028,False,Finished<br/><a href="/admin/rider/riderfeedback/?flt1_9=163028">Feedback: 5</a>,R$0,,47190,,751221,10/18/2019 06:37:40,1,510994,91,32,670,2219,1571391488.76,R$6.70,No Profile Detected,None,Paid (Direct Payment),None,,,None,None,None,None,None,None,None,GYN
163027,False,Finished<br/><a href="/admin/rider/riderfeedback/?flt1_9=163027">Feedback: 5</a>,R$0,,11188,,751222,10/18/2019 06:37:44,1,510995,38,56,520,2219,1571391475.69,R$5.20,No Profile Detected,None,Paid (Direct Payment),None,,,None,None,None,None,None,None,None,GYN
163026,False,Canceled by rider,R$0,,3653,,751218,10/18/2019 06:37:26,1,510993,64,51,0,2219,1571391459.63,R$0,No Profile Detected,None,Free,None,,,,,None,None,1571392165.17,None,None,GYN
163025,False,Finished,R$0,,4323,,751203,10/18/2019 06:36:57,1,510987,67,34,500,2219,1571391431.3,R$5,No Profile Detected,None,Paid (Direct Payment),None,,,None,None,None,None,None,None,None,GYN
163024,False,Finished,R$0,,40083,,751189,10/18/2019 06:36:21,1,510982,91,32,670,2219,1571391397.77,R$6.70,No Profile Detected,None,Paid (Direct Payment),None,,,None,None,None,None,None,None,None,GYN
163023,False,Finished<br/><a href="/admin/rider/riderfeedback/?flt1_9=163023">Feedback: 5</a>,R$0,,31275,,751184,10/18/2019 06:36:05,2,510980,17,35,720,2219,1571391381.39,R$7.20,No Profile Detected,None,Paid (Direct Payment),None,,,None,None,None,None,None,None,None,GYN
163022,False,Finished,R$0,,29423,,751170,10/18/2019 06:35:09,1,510976,35,42,500,2219,1571391317.24,R$5,No Profile Detected,None,Paid (Direct Payment),None,,,None,None,None,None,None,None,None,GYN
163021,False,Finished<br/><a href="/admin/rider/riderfeedback/?flt1_9=163021">Feedback: 5</a>,R$0,,48260,,751166,10/18/2019 06:34:52,1,510975,111,28,670,2219,1571391304.91,R$6.70,No Profile Detected,None,Paid (Direct Payment),None,,,None,None,None,None,None,None,None,GYN
163020,False,Finished<br/><a href="/admin/rider/riderfeedback/?flt1_9=163020">Feedback: 5</a>,R$0,,39731,,751163,10/18/2019 06:34:36,1,510974,77,54,430,2219,1571391284.1,R$4.30,No Profile Detected,None,Paid (Direct Payment),None,,,None,None,None,None,None,None,None,GYN
163019,False,Finished<br/><a href="/admin/rider/riderfeedback/?flt1_9=163019">Feedback: 4</a>,R$0,,20023,,751157,10/18/2019 06:34:23,1,510970,89,61,470,2219,1571391280.4,R$4.70,No Profile Detected,None,Paid (Direct Payment),None,,,None,None,None,None,None,None,None,GYN
163018,False,Finished,R$0,,3475,,751159,10/18/2019 06:34:29,1,510971,43,47,470,2219,1571391277.61,R$4.70,No Profile Detected,None,Paid (Direct Payment),None,,,None,None,None,None,None,None,None,GYN
163017,False,Finished,R$0,,44189,,751152,10/18/2019 06:34:10,1,510968,21,57,670,2219,1571391265.78,R$6.70,No Profile Detected,None,Paid (Direct Payment),None,,,None,None,None,None,None,None,None,GYN
163016,False,Finished,R$0,,54285,,751151,10/18/2019 06:34:09,1,510967,131,24,670,2219,1571391258.13,R$6.70,No Profile Detected,None,Paid (Direct Payment),None,,,None,None,None,None,None,None,None,GYN
163015,False,Finished,R$0,,13168,,751148,10/18/2019 06:34:01,1,510965,24,36,520,2219,1571391252.05,R$5.20,No Profile Detected,None,Paid (Direct Payment),None,,,None,None,None,None,None,None,None,GYN
163014,False,Finished<br/><a href="/admin/rider/riderfeedback/?flt1_9=163014">Feedback: 5</a>,R$0,,3131,,751146,10/18/2019 06:33:57,1,510964,80,29,500,2219,1571391244.98,R$5,No Profile Detected,None,Paid (Direct Payment),None,,,None,None,None,None,None,None,None,GYN
163013,False,Finished,R$0,,14150,,751145,10/18/2019 06:33:55,1,510963,87,60,520,2219,1571391243.93,R$5.20,No Profile Detected,None,Paid (Direct Payment),None,,,None,None,None,None,None,None,None,GYN
163012,False,Finished<br/><a href="/admin/rider/riderfeedback/?flt1_9=163012">Feedback: 3</a>,R$0,,4611,,751135,10/18/2019 06:33:26,1,510958,54,23,500,2219,1571391231.49,R$5,No Profile Detected,None,Paid (Direct Payment),None,,,None,None,None,None,None,None,None,GYN
163011,False,Finished<br/><a href="/admin/rider/riderfeedback/?flt1_9=163011">Feedback: 5</a>,R$0,,26737,,751140,10/18/2019 06:33:39,1,510961,64,51,520,2219,1571391226.47,R$5.20,No Profile Detected,None,Paid (Direct Payment),None,,,None,None,None,None,None,None,None,GYN
163010,False,Finished,R$0,,48389,None,751133,10/18/2019 06:33:17,1,510957,18,53,470,2219,1571391206.98,R$4.70,No Profile Detected,None,Paid (Direct Payment),None,,,None,None,None,None,None,None,None,GYN
163009,False,Finished,R$0,,33154,,751127,10/18/2019 06:32:57,1,510956,27,48,520,2219,1571391189.72,R$5.20,No Profile Detected,None,Paid (Direct Payment),None,,,None,None,None,None,None,None,None,GYN
163008,False,Finished,R$0,,7344,,751115,10/18/2019 06:32:04,1,510952,116,27,670,2219,1571391138.05,R$6.70,No Profile Detected,None,Paid (Direct Payment),None,,,None,None,None,None,None,None,None,GYN
163007,False,Finished,R$0,,25114,,751114,10/18/2019 06:32:03,1,510951,89,61,500,2219,1571391132.04,R$5,No Profile Detected,None,Paid (Direct Payment),None,,,None,None,None,None,None,None,None,GYN
163006,False,Finished,R$0,,415,,751110,10/18/2019 06:31:43,1,510949,78,41,670,2219,1571391119.57,R$6.70,No Profile Detected,None,Paid (Direct Payment),None,,,None,None,None,None,None,None,None,GYN
163005,False,Finished<br/><a href="/admin/rider/riderfeedback/?flt1_9=163005">Feedback: 5</a>,R$0,,17746,,751108,10/18/2019 06:31:40,1,510947,41,30,470,2219,1571391114.08,R$4.70,No Profile Detected,None,Paid (Direct Payment),None,,,None,None,None,None,None,None,None,GYN
163004,False,Finished,R$0,,6598,,751107,10/18/2019 06:31:39,4,510946,21,57,1010,2219,1571391107.17,R$10.10,No Profile Detected,None,Paid (Direct Payment),None,,,None,None,None,None,None,None,None,GYN
163003,False,Finished,R$0,,53983,,751102,10/18/2019 06:31:08,1,510945,54,23,470,2219,1571391091.81,R$4.70,No Profile Detected,None,Paid (Direct Payment and Credits),None,,,None,None,None,None,None,None,None,GYN
163002,False,Finished,R$0,,16571,,751099,10/18/2019 06:31:00,2,510940,24,36,520,2219,1571391072.49,R$5.20,No Profile Detected,None,Paid (Direct Payment),None,,,None,None,None,None,None,None,None,GYN
163001,False,Finished,R$0,,22214,,751093,10/18/2019 06:30:13,1,510936,38,56,470,2219,1571391020.73,R$4.70,No Profile Detected,None,Paid (Direct Payment),None,,,None,None,None,None,None,None,None,GYN
163000,False,Finished<br/><a href="/admin/rider/riderfeedback/?flt1_9=163000">Feedback: 5</a>,R$0,,56696,None,751089,10/18/2019 06:30:04,1,510932,64,51,670,2219,1571391018.27,R$6.70,No Profile Detected,None,Paid (Credits),None,,,None,None,None,None,None,None,None,GYN
162999,False,Finished,R$0,,14699,,751087,10/18/2019 06:29:58,2,510931,125,58,550,2219,1571391008.56,R$5.50,No Profile Detected,None,Paid (Direct Payment),None,,,None,None,None,None,None,None,None,GYN
162998,False,Finished<br/><a href="/admin/rider/riderfeedback/?flt1_9=162998">Feedback: 5</a>,R$0,,9959,,751084,10/18/2019 06:29:38,1,510927,111,28,670,2219,1571390989.49,R$6.70,No Profile Detected,None,Paid (Credits),None,,,None,None,None,None,None,None,None,GYN
162997,False,Finished<br/><a href="/admin/rider/riderfeedback/?flt1_9=162997">Feedback: 5</a>,R$0,,46962,,751082,10/18/2019 06:29:25,1,510924,118,26,470,2219,1571390981.95,R$4.70,No Profile Detected,None,Paid (Direct Payment),None,,,None,None,None,None,None,None,None,GYN
162996,False,Finished,R$0,,21805,,751078,10/18/2019 06:29:12,1,510926,125,58,670,2219,1571390976.49,R$6.70,No Profile Detected,None,Paid (Direct Payment),None,,,None,None,None,None,None,None,None,GYN
162995,False,Finished<br/><a href="/admin/rider/riderfeedback/?flt1_9=162995">Feedback: 5</a>,R$0,,51744,,751081,10/18/2019 06:29:20,1,510922,71,43,670,2219,1571390969.39,R$6.70,No Profile Detected,None,Paid (Direct Payment),None,,,None,None,None,None,None,None,None,GYN
162994,False,Finished<br/><a href="/admin/rider/riderfeedback/?flt1_9=162994">Feedback: 5</a>,R$0,,52083,,751079,10/18/2019 06:29:17,1,510921,77,54,670,2219,1571390965.62,R$6.70,No Profile Detected,None,Paid (Direct Payment),None,,,None,None,None,None,None,None,None,GYN
162993,False,Finished,R$0,,16554,,751074,10/18/2019 06:29:03,1,510916,62,40,520,2219,1571390953.68,R$5.20,No Profile Detected,None,Paid (Direct Payment),None,,,None,,None,None,None,None,None,GYN
162992,False,Finished<br/><a href="/admin/rider/riderfeedback/?flt1_9=162992">Feedback: 5</a>,R$0,,56674,None,751066,10/18/2019 06:27:21,4,510910,131,24,1350,2219,1571390859.47,R$13.50,No Profile Detected,None,Paid (Direct Payment),None,,,None,None,None,None,None,None,None,GYN
162991,False,Finished,R$0,,23345,,751065,10/18/2019 06:27:13,1,510906,92,50,940,2219,1571390854.8,R$9.40,No Profile Detected,None,Paid (Direct Payment),None,,,None,None,None,None,None,None,None,GYN
162990,False,Finished<br/><a href="/admin/rider/riderfeedback/?flt1_9=162990">Feedback: 5</a>,R$0,,6352,,751064,10/18/2019 06:26:59,1,510905,73,33,520,2219,1571390836.85,R$5.20,No Profile Detected,None,Paid (Direct Payment),None,,,None,None,None,None,None,None,None,GYN
162989,False,Finished<br/><a href="/admin/rider/riderfeedback/?flt1_9=162989">Feedback: 5</a>,R$0,,56169,,751062,10/18/2019 06:26:46,1,510903,15,63,520,2219,1571390824.14,R$5.20,No Profile Detected,None,Paid (Direct Payment),None,,,None,None,None,None,None,None,None,GYN
162988,False,No show,R$0,,45982,,751063,10/18/2019 06:26:48,1,510904,55,46,0,2219,1571390817.16,R$0,No Profile Detected,None,Free,None,,,None,None,None,None,None,None,None,GYN
162987,False,Finished,R$0,,52690,,751059,10/18/2019 06:26:21,1,510900,17,35,520,2219,1571390789.09,R$5.20,No Profile Detected,None,Paid (Credits),None,,,None,None,None,None,None,None,None,GYN
162986,False,Finished,R$0,,42525,,751057,10/18/2019 06:26:17,1,510899,100,62,500,2219,1571390785.52,R$5,No Profile Detected,None,Paid (Direct Payment),None,,,None,None,None,None,None,None,None,GYN
162985,False,Finished<br/><a href="/admin/rider/riderfeedback/?flt1_9=162985">Feedback: 5</a>,R$0,,23831,,751054,10/18/2019 06:25:51,1,510895,15,63,500,2219,1571390763.62,R$5,No Profile Detected,None,Paid (Credits),None,,,None,None,None,None,None,None,None,GYN
162984,False,Finished<br/><a href="/admin/rider/riderfeedback/?flt1_9=162984">Feedback: 5</a>,R$0,,43652,,751053,10/18/2019 06:25:41,1,510894,41,30,500,2219,1571390747.89,R$5,No Profile Detected,None,Paid (Direct Payment),None,,,None,None,None,None,None,None,None,GYN
162983,False,Finished<br/><a href="/admin/rider/riderfeedback/?flt1_9=162983">Feedback: 5</a>,R$0,,51560,,751052,10/18/2019 06:25:35,1,510893,122,25,520,2219,1571390747.86,R$5.20,No Profile Detected,None,Paid (Direct Payment),None,,,None,None,None,None,None,None,None,GYN
162982,False,Finished<br/><a href="/admin/rider/riderfeedback/?flt1_9=162982">Feedback: 5</a>,R$0,,48021,,751049,10/18/2019 06:25:10,1,510890,37,49,500,2219,1571390721.09,R$5,No Profile Detected,None,Paid (Direct Payment),None,,,None,None,None,None,None,None,None,GYN
162981,False,Finished,R$0,,5525,,751043,10/18/2019 06:23:54,1,510885,91,32,520,2219,1571390641.14,R$5.20,No Profile Detected,None,Paid (Direct Payment),None,,,None,None,None,None,None,None,None,GYN
162980,False,Finished,R$0,,37963,,751042,10/18/2019 06:23:27,2,510884,80,29,570,2219,1571390638.95,R$5.70,No Profile Detected,None,Paid (Direct Payment),None,,,None,None,None,None,None,None,None,GYN
162979,False,Finished,R$0,,56479,,751041,10/18/2019 06:23:13,1,510883,30,45,500,2219,1571390603.1,R$5,No Profile Detected,None,Paid (Direct Payment),None,,,None,None,None,None,None,None,None,GYN
162978,False,Finished<br/><a href="/admin/rider/riderfeedback/?flt1_9=162978">Feedback: 5</a>,R$0,,16650,None,751040,10/18/2019 06:23:06,1,510882,71,43,940,2219,1571390600.43,R$9.40,No Profile Detected,None,Paid (Credits),None,,,None,None,None,None,None,None,None,GYN
162977,False,Finished,R$0,,1975,,751039,10/18/2019 06:23:01,1,510881,76,44,670,2219,1571390588.28,R$6.70,No Profile Detected,None,Paid (Credits),None,,,None,None,None,None,None,None,None,GYN
162976,False,Finished,R$0,,22761,,751037,10/18/2019 06:22:47,1,510879,116,27,470,2219,1571390582.1,R$4.70,No Profile Detected,None,Paid (Direct Payment),None,,,None,None,None,None,None,None,None,GYN
162975,False,Canceled by rider,R$0,,4349,,751038,10/18/2019 06:22:49,1,510880,27,48,0,2219,1571390577.91,R$0,No Profile Detected,None,Free,None,,,,,None,None,1571390766.86,None,None,GYN
162974,False,Finished,R$0,,35123,,751034,10/18/2019 06:21:57,1,510876,23,52,500,2219,1571390529.81,R$5,No Profile Detected,None,Paid (Direct Payment),None,,,None,None,None,None,None,None,None,GYN
162973,False,Finished<br/><a href="/admin/rider/riderfeedback/?flt1_9=162973">Feedback: 5</a>,R$0,,51063,,751033,10/18/2019 06:21:41,2,510874,18,53,910,2219,1571390515.27,R$9.10,No Profile Detected,None,Paid (Direct Payment),None,,,None,None,None,None,None,None,None,GYN
162972,False,Finished,R$0,,56610,,751032,10/18/2019 06:21:38,1,510873,18,53,335,2219,1571390513.88,R$3.35,No Profile Detected,None,Paid (Credits),None,,,None,None,None,None,None,None,None,GYN
162971,False,Finished<br/><a href="/admin/rider/riderfeedback/?flt1_9=162971">Feedback: 5</a>,R$0,,13634,,751031,10/18/2019 06:21:36,1,510875,41,30,670,2219,1571390510.72,R$6.70,No Profile Detected,None,Paid (Direct Payment),None,,,None,None,None,None,None,None,None,GYN
162970,False,Finished,R$0,,240,,751028,10/18/2019 06:21:21,1,510869,118,26,500,2219,1571390493.8,R$5,No Profile Detected,None,Paid (Direct Payment),None,,,None,None,None,None,None,None,None,GYN
162969,False,Finished<br/><a href="/admin/rider/riderfeedback/?flt1_9=162969">Feedback: 5</a>,R$0,,48416,,751029,10/18/2019 06:21:23,1,510870,70,59,670,2219,1571390492.22,R$6.70,No Profile Detected,None,Paid (Direct Payment),None,,,None,None,None,None,None,None,None,GYN
162968,False,Finished<br/><a href="/admin/rider/riderfeedback/?flt1_9=162968">Feedback: 5</a>,R$0,,49761,,751024,10/18/2019 06:20:21,1,510865,92,50,520,2219,1571390429.32,R$5.20,No Profile Detected,None,Paid (Direct Payment),None,,,None,None,None,None,None,None,None,GYN
162967,False,Finished<br/><a href="/admin/rider/riderfeedback/?flt1_9=162967">Feedback: 5</a>,R$0,,43403,,751020,10/18/2019 06:19:34,1,510861,124,55,670,2219,1571390381.72,R$6.70,No Profile Detected,None,Paid (Credits),None,,,None,None,None,None,None,None,None,GYN
162966,False,Finished<br/><a href="/admin/rider/riderfeedback/?flt1_9=162966">Feedback: 5</a>,R$0,,29356,,751019,10/18/2019 06:19:28,1,510860,43,47,670,2219,1571390378.7,R$6.70,No Profile Detected,None,Paid (Direct Payment),None,,,None,None,None,None,None,None,None,GYN
162965,False,Finished,R$0,,56338,,751018,10/18/2019 06:19:23,1,510859,111,28,470,2219,1571390373.33,R$4.70,No Profile Detected,None,Paid (Credits),None,,,None,None,None,None,None,None,None,GYN
162964,False,Finished<br/><a href="/admin/rider/riderfeedback/?flt1_9=162964">Feedback: 5</a>,R$0,,56002,,751017,10/18/2019 06:19:23,2,510858,100,62,455,2219,1571390371.76,R$4.55,No Profile Detected,None,Paid (Credits),None,,,None,,None,None,None,None,None,GYN
162963,False,Finished<br/><a href="/admin/rider/riderfeedback/?flt1_9=162963">Feedback: 5</a>,R$0,,43813,,751012,10/18/2019 06:17:23,1,510854,67,34,520,2219,1571390268.66,R$5.20,No Profile Detected,None,Paid (Direct Payment),None,,,None,None,None,None,None,None,None,GYN
162962,False,Finished,R$0,,48032,,751011,10/18/2019 06:17:17,1,510853,89,61,470,2219,1571390247.88,R$4.70,No Profile Detected,None,Paid (Direct Payment),None,,,None,None,None,None,None,None,None,GYN
162961,False,Finished<br/><a href="/admin/rider/riderfeedback/?flt1_9=162961">Feedback: 5</a>,R$0,,53811,,751009,10/18/2019 06:17:03,1,510851,35,42,520,2219,1571390231.78,R$5.20,No Profile Detected,None,Paid (Direct Payment),None,,,None,None,None,None,None,None,None,GYN
162960,False,Finished,R$0,,53967,,751008,10/18/2019 06:16:51,2,510850,76,44,720,2219,1571390219.04,R$7.20,No Profile Detected,None,Paid (Direct Payment),None,,,None,None,None,None,None,None,None,GYN
162959,False,Finished,R$0,,42348,,751004,10/18/2019 06:16:19,1,510846,125,58,670,2219,1571390197.03,R$6.70,No Profile Detected,None,Paid (Direct Payment),None,,,None,None,None,None,None,None,None,GYN
162958,False,Finished<br/><a href="/admin/rider/riderfeedback/?flt1_9=162958">Feedback: 5</a>,R$0,,30677,,751003,10/18/2019 06:15:32,1,510845,64,51,520,2219,1571390140.17,R$5.20,No Profile Detected,None,Paid (Direct Payment),None,,,None,None,None,None,None,None,None,GYN
162957,False,Finished,R$0,,49019,,751002,10/18/2019 06:15:29,1,510844,30,45,860,2219,1571390136.32,R$8.60,No Profile Detected,None,Paid (Direct Payment),None,,,None,None,None,None,None,None,None,GYN
162956,False,Finished,R$0,,30355,,751001,10/18/2019 06:14:45,1,510843,62,40,670,2219,1571390100.72,R$6.70,No Profile Detected,None,Paid (Direct Payment),None,,,None,None,None,None,None,None,None,GYN
162955,False,Finished,R$0,,26832,,750999,10/18/2019 06:13:28,1,510841,73,33,520,2219,1571390015.0,R$5.20,No Profile Detected,None,Paid (Direct Payment),None,,,None,None,None,None,None,None,None,GYN
162954,False,Finished,R$0,,25822,,750997,10/18/2019 06:13:22,1,510839,124,55,500,2219,1571390011.82,R$5,No Profile Detected,None,Paid (Direct Payment),None,,,None,None,None,None,None,None,None,GYN
162953,False,Finished<br/><a href="/admin/rider/riderfeedback/?flt1_9=162953">Feedback: 5</a>,R$0,,44807,,750996,10/18/2019 06:13:06,3,510838,87,60,1240,2219,1571389993.7,R$12.40,No Profile Detected,None,Paid (Direct Payment),None,,,None,None,None,None,None,None,None,GYN
162952,False,Finished<br/><a href="/admin/rider/riderfeedback/?flt1_9=162952">Feedback: 5</a>,R$0,,45574,,750991,10/18/2019 06:12:23,1,510833,21,57,520,2219,1571389963.43,R$5.20,No Profile Detected,None,Paid (Direct Payment),None,,,None,None,None,None,None,None,None,GYN
162951,False,Finished<br/><a href="/admin/rider/riderfeedback/?flt1_9=162951">Feedback: 5</a>,R$0,,40838,,750992,10/18/2019 06:12:27,1,510834,89,61,860,2219,1571389956.09,R$8.60,No Profile Detected,None,Paid (Credits),None,,,None,None,None,None,None,None,None,GYN
162950,False,Finished<br/><a href="/admin/rider/riderfeedback/?flt1_9=162950">Feedback: 4</a>,R$0,,29988,,750990,10/18/2019 06:12:13,1,510832,38,56,860,2219,1571389940.48,R$8.60,No Profile Detected,None,Paid (Direct Payment),None,,,None,None,None,None,None,None,None,GYN
162949,False,Finished,R$0,,45775,,750988,10/18/2019 06:11:27,1,510830,131,24,470,2219,1571389902.5,R$4.70,No Profile Detected,None,Paid (Direct Payment),None,,,None,None,None,None,None,None,None,GYN
162948,False,Finished<br/><a href="/admin/rider/riderfeedback/?flt1_9=162948">Feedback: 5</a>,R$0,,21178,,750987,10/18/2019 06:11:18,1,510829,54,23,520,2219,1571389889.25,R$5.20,No Profile Detected,None,Paid (Direct Payment),None,,,None,None,None,None,None,None,None,GYN
162947,False,Finished,R$0,,34962,,750985,10/18/2019 06:09:36,1,510827,124,55,1140,2219,1571389784.22,R$11.40,No Profile Detected,None,Paid (Direct Payment),None,,,None,None,None,None,None,None,None,GYN
162946,False,Finished<br/><a href="/admin/rider/riderfeedback/?flt1_9=162946">Feedback: 5</a>,R$0,,24258,,750981,10/18/2019 06:07:02,1,510823,78,41,860,2219,1571389629.16,R$8.60,No Profile Detected,None,Paid (Direct Payment),None,,,None,None,None,None,None,None,None,GYN
162945,False,Finished<br/><a href="/admin/rider/riderfeedback/?flt1_9=162945">Feedback: 5</a>,R$0,,46705,,750980,10/18/2019 06:05:57,1,510822,27,48,1180,2219,1571389565.91,R$11.80,No Profile Detected,None,Paid (Direct Payment),None,,,None,None,None,None,None,None,None,GYN
162944,False,Finished<br/><a href="/admin/rider/riderfeedback/?flt1_9=162944">Feedback: 5</a>,R$0,,23089,,750979,10/18/2019 06:05:56,1,510821,15,63,860,2219,1571389565.61,R$8.60,No Profile Detected,None,Paid (Direct Payment),None,,,None,None,None,None,None,None,None,GYN
162943,False,Finished<br/><a href="/admin/rider/riderfeedback/?flt1_9=162943">Feedback: 5</a>,R$0,,9369,,750975,10/18/2019 06:04:53,1,510817,80,29,520,2219,1571389511.95,R$5.20,No Profile Detected,None,Paid (Direct Payment),None,,,None,None,None,None,None,None,None,GYN
162942,False,Finished,R$0,,54786,,750976,10/18/2019 06:05:00,1,510818,92,50,470,2219,1571389507.49,R$4.70,No Profile Detected,None,Paid (Credits),None,,,None,None,None,None,None,None,None,GYN
162941,False,Finished<br/><a href="/admin/rider/riderfeedback/?flt1_9=162941">Feedback: 5</a>,R$0,,12423,,750974,10/18/2019 06:04:31,1,510816,78,41,1200,2219,1571389483.19,R$12,No Profile Detected,None,Paid (Direct Payment),None,,,None,None,None,None,None,None,None,GYN
162940,False,Finished<br/><a href="/admin/rider/riderfeedback/?flt1_9=162940">Feedback: 5</a>,R$0,,55859,,750972,10/18/2019 06:03:41,1,510814,122,25,430,2219,1571389446.07,R$4.30,No Profile Detected,None,Paid (Credits),None,,,None,None,None,None,None,None,None,GYN
162939,False,Finished<br/><a href="/admin/rider/riderfeedback/?flt1_9=162939">Feedback: 5</a>,R$0,,49845,,750970,10/18/2019 06:02:49,1,510812,18,53,1140,2219,1571389377.71,R$11.40,No Profile Detected,None,Paid (Direct Payment and Credits),None,,,None,None,None,None,None,None,None,GYN
162938,False,Finished<br/><a href="/admin/rider/riderfeedback/?flt1_9=162938">Feedback: 5</a>,R$0,,47037,,750968,10/18/2019 06:02:18,1,510811,17,35,670,2219,1571389348.8,R$6.70,No Profile Detected,None,Paid (Direct Payment),None,,,None,None,None,None,None,None,None,GYN
162937,False,Canceled by rider,R$0,,54786,,750964,10/18/2019 06:01:28,1,510808,30,45,0,2219,1571389294.7,R$0,No Profile Detected,None,Free,None,,,,,None,None,1571389429.98,None,None,GYN
162936,False,Finished<br/><a href="/admin/rider/riderfeedback/?flt1_9=162936">Feedback: 5</a>,R$0,,47206,,750963,10/18/2019 06:00:56,1,510807,41,30,670,2219,1571389263.72,R$6.70,No Profile Detected,None,Paid (Direct Payment),None,,,None,None,None,None,None,None,None,GYN
162935,False,Finished<br/><a href="/admin/rider/riderfeedback/?flt1_9=162935">Feedback: 5</a>,R$0,,48366,,750852,10/17/2019 22:44:23,2,510792,109,27,480,2219,1571363068.11,R$4.80,No Profile Detected,None,Paid (Credits),None,,,None,None,None,None,None,None,None,GYN
162934,False,Finished<br/><a href="/admin/rider/riderfeedback/?flt1_9=162934">Feedback: 5</a>,R$0,,918,,750851,10/17/2019 22:44:06,2,510791,79,52,990,2219,1571363057.54,R$9.90,No Profile Detected,None,Paid (Direct Payment),None,,,None,,None,None,None,None,None,GYN
162933,False,Finished,R$0,,23774,,750848,10/17/2019 22:42:56,1,510788,136,35,430,2219,1571362993.71,R$4.30,No Profile Detected,None,Paid (Direct Payment),None,,,None,None,None,None,None,None,None,GYN
162932,False,Finished<br/><a href="/admin/rider/riderfeedback/?flt1_9=162932">Feedback: 5</a>,R$0,,12256,,750846,10/17/2019 22:41:07,1,510786,120,60,670,2219,1571362891.19,R$6.70,No Profile Detected,None,Paid (Direct Payment),None,,,None,,None,None,None,None,None,GYN
162931,False,Finished,R$0,,4170,,750845,10/17/2019 22:38:33,1,510785,99,33,670,2219,1571362718.28,R$6.70,No Profile Detected,None,Paid (Direct Payment),None,,None,None,None,None,None,None,None,None,GYN
162930,False,Reassigned,R$0,,4170,,750844,10/17/2019 22:38:11,1,510784,88,34,0,2219,1571362698.21,R$0,No Profile Detected,None,Free,None,,,,,None,None,1571362718.38,None,None,GYN
162929,False,Canceled by rider,R$0,,4170,,750843,10/17/2019 22:37:44,1,510783,88,34,0,2219,1571362671.67,R$0,No Profile Detected,None,Free,None,,,,,None,None,1571362686.73,None,None,GYN
162928,False,Finished,R$0,,48596,,750837,10/17/2019 22:36:17,1,510779,112,43,500,2219,1571362588.0,R$5,No Profile Detected,None,Paid (Direct Payment),None,,,None,None,None,None,None,None,None,GYN
162927,False,Finished<br/><a href="/admin/rider/riderfeedback/?flt1_9=162927">Feedback: 4</a>,R$0,,47868,,750836,10/17/2019 22:35:22,1,510778,132,42,860,2219,1571362542.65,R$8.60,No Profile Detected,None,Paid (Direct Payment),None,,,None,,None,None,None,None,None,GYN
162926,False,Finished,R$0,,27060,,750835,10/17/2019 22:35:22,2,510777,72,38,1190,2219,1571362529.02,R$11.90,No Profile Detected,None,Paid (Direct Payment),None,,,None,None,None,None,None,None,None,GYN
162925,False,Canceled by rider,R$0,,27060,,750834,10/17/2019 22:34:46,1,510776,93,24,0,2219,1571362506.56,R$0,No Profile Detected,None,Free,None,,,,,None,None,1571362516.96,None,None,GYN
162924,False,No show,R$0,,47868,,750821,10/17/2019 22:26:37,1,510769,34,56,0,2219,1571362004.48,R$0,No Profile Detected,None,Free,None,,,None,None,None,None,None,None,None,GYN
162923,False,Finished,R$0,,3785,,750816,10/17/2019 22:24:25,1,510765,94,51,500,2219,1571361876.85,R$5,No Profile Detected,None,Paid (Direct Payment),None,,,None,None,None,None,None,None,None,GYN
162922,False,Finished,R$0,,38798,,750815,10/17/2019 22:23:27,1,510764,133,62,500,2219,1571361814.88,R$5,No Profile Detected,None,Paid (Direct Payment),None,,,None,None,None,None,None,None,None,GYN
162921,False,Finished<br/><a href="/admin/rider/riderfeedback/?flt1_9=162921">Feedback: 5</a>,R$0,,15820,,750811,10/17/2019 22:21:46,1,510762,110,53,520,2219,1571361730.91,R$5.20,No Profile Detected,None,Paid (Direct Payment),None,,,None,None,None,None,None,None,None,GYN
162920,False,Finished,R$0,,52533,,750808,10/17/2019 22:20:40,1,510759,101,32,470,2219,1571361669.95,R$4.70,No Profile Detected,None,Paid (Direct Payment),None,,,None,None,None,None,None,None,None,GYN
162919,False,Finished,R$0,,56156,,750809,10/17/2019 22:20:40,1,510760,121,48,860,2219,1571361650.81,R$8.60,No Profile Detected,None,Paid (Direct Payment),None,,,None,None,None,None,None,None,None,GYN
162918,False,Finished,R$0,,10813,None,750803,10/17/2019 22:18:49,1,510755,79,52,940,2219,1571361536.42,R$9.40,No Profile Detected,None,Paid (Credits),None,,,None,None,None,None,None,None,None,GYN
162917,False,Finished<br/><a href="/admin/rider/riderfeedback/?flt1_9=162917">Feedback: 5</a>,R$0,,8730,,750801,10/17/2019 22:18:02,1,510753,53,59,670,2219,1571361491.18,R$6.70,No Profile Detected,None,Paid (Direct Payment),None,,,None,None,None,None,None,None,None,GYN
162916,False,Finished<br/><a href="/admin/rider/riderfeedback/?flt1_9=162916">Feedback: 5</a>,R$0,,53011,,750800,10/17/2019 22:17:24,1,510752,129,28,500,2219,1571361464.95,R$5,No Profile Detected,None,Paid (Direct Payment),None,,,None,None,None,None,None,None,None,GYN
162915,False,Finished<br/><a href="/admin/rider/riderfeedback/?flt1_9=162915">Feedback: 5</a>,R$0,,54515,,750799,10/17/2019 22:17:18,1,510751,127,58,860,2219,1571361461.08,R$8.60,No Profile Detected,None,Paid (Credits),None,,,None,None,None,None,None,None,None,GYN
162914,False,Finished,R$0,,53776,,750797,10/17/2019 22:15:41,8,510749,105,30,1260,2219,1571361352.58,R$12.60,No Profile Detected,None,Paid (Credits),None,,None,None,None,None,None,None,None,None,GYN
162913,False,Finished,R$0,,45472,,750796,10/17/2019 22:15:35,1,510748,97,49,670,2219,1571361343.61,R$6.70,No Profile Detected,None,Paid (Direct Payment),None,,,None,None,None,None,None,None,None,GYN
162912,False,Finished<br/><a href="/admin/rider/riderfeedback/?flt1_9=162912">Feedback: 1</a>,R$0,,21941,,750793,10/17/2019 22:13:44,1,510745,128,50,470,2219,1571361232.55,R$4.70,No Profile Detected,None,Paid (Direct Payment),None,,,None,None,None,None,None,None,None,GYN
162911,False,Finished<br/><a href="/admin/rider/riderfeedback/?flt1_9=162911">Feedback: 5</a>,R$0,,51548,,750791,10/17/2019 22:13:19,1,510743,133,62,520,2219,1571361203.89,R$5.20,No Profile Detected,None,Paid (Direct Payment),None,,,None,None,None,None,None,None,None,GYN
162910,False,Reassigned,R$0,,53776,,750786,10/17/2019 22:12:30,8,510740,127,58,0,2219,1571361161.86,R$0,No Profile Detected,None,Free,None,,,,,None,None,1571361352.66,None,None,GYN
162909,False,Finished<br/><a href="/admin/rider/riderfeedback/?flt1_9=162909">Feedback: 5</a>,R$0,,56693,None,750785,10/17/2019 22:12:04,1,510739,95,54,1140,2219,1571361133.87,R$11.40,No Profile Detected,None,Paid (Direct Payment and Credits),None,,,None,None,None,None,None,None,None,GYN
162908,False,Finished,R$0,,22519,,750783,10/17/2019 22:11:46,1,510738,114,57,670,2219,1571361133.46,R$6.70,No Profile Detected,None,Paid (Direct Payment),None,,,None,None,None,None,None,None,None,GYN
162907,False,Finished,R$0,,17441,,750782,10/17/2019 22:11:44,1,510737,132,42,860,2219,1571361111.1,R$8.60,No Profile Detected,None,Paid (Direct Payment),None,,,None,None,None,None,None,None,None,GYN
162906,False,Canceled by rider,R$0,,21941,,750780,10/17/2019 22:11:13,1,510736,127,58,0,2219,1571361081.42,R$0,No Profile Detected,None,Free,None,,,,,None,None,1571361114.63,None,None,GYN
162905,False,Finished,R$0,,5540,,750777,10/17/2019 22:10:23,1,510734,93,24,470,2219,1571361032.35,R$4.70,No Profile Detected,None,Paid (Direct Payment),None,,,None,None,None,None,None,None,None,GYN
162904,False,Finished,R$0,,37441,,750775,10/17/2019 22:09:51,1,510732,94,51,470,2219,1571361000.09,R$4.70,No Profile Detected,None,Paid (Direct Payment and Credits),None,,,None,None,None,None,None,None,None,GYN
162903,False,Finished<br/><a href="/admin/rider/riderfeedback/?flt1_9=162903">Feedback: 5</a>,R$0,,25649,None,750771,10/17/2019 22:09:00,1,510729,96,31,940,2219,1571360950.71,R$9.40,No Profile Detected,None,Paid (Credits),None,,,None,None,None,None,None,None,None,GYN
162902,False,Finished,R$0,,14422,,750772,10/17/2019 22:09:03,1,510730,128,50,500,2219,1571360950.67,R$5,No Profile Detected,None,Paid (Credits),None,,,None,None,None,None,None,None,None,GYN
162901,False,Finished<br/><a href="/admin/rider/riderfeedback/?flt1_9=162901">Feedback: 5</a>,R$0,,45103,,750769,10/17/2019 22:08:44,1,510727,106,61,500,2219,1571360930.53,R$5,No Profile Detected,None,Paid (Direct Payment),None,,,None,None,None,None,None,None,None,GYN
162900,False,Finished<br/><a href="/admin/rider/riderfeedback/?flt1_9=162900">Feedback: 5</a>,R$0,,44484,,750767,10/17/2019 22:08:01,1,510726,136,35,470,2219,1571360890.1,R$4.70,No Profile Detected,None,Paid (Direct Payment),None,,,None,None,None,None,None,None,None,GYN
162899,False,Finished<br/><a href="/admin/rider/riderfeedback/?flt1_9=162899">Feedback: 5</a>,R$0,,14038,,750766,10/17/2019 22:07:58,1,510725,132,42,860,2219,1571360885.9,R$8.60,No Profile Detected,None,Paid (Direct Payment),None,,,None,None,None,None,None,None,None,GYN
162898,False,Finished,R$0,,44123,,750761,10/17/2019 22:07:02,1,510723,120,60,500,2219,1571360834.95,R$5,No Profile Detected,None,Paid (Direct Payment),None,,,None,None,None,None,None,None,None,GYN
162897,False,Canceled by rider,R$0,,37441,,750760,10/17/2019 22:06:55,1,510722,94,51,0,2219,1571360834.02,R$0,No Profile Detected,None,Free,None,,,,,None,None,1571360984.58,None,None,GYN
162896,False,Finished<br/><a href="/admin/rider/riderfeedback/?flt1_9=162896">Feedback: 5</a>,R$0,,45360,,750757,10/17/2019 22:06:19,1,510719,130,36,670,2219,1571360802.09,R$6.70,No Profile Detected,None,Paid (Credits),None,,,None,None,None,None,None,None,None,GYN
162895,False,Finished<br/><a href="/admin/rider/riderfeedback/?flt1_9=162895">Feedback: 5</a>,R$0,,45383,None,750754,10/17/2019 22:06:00,1,510716,88,34,260,2219,1571360779.39,R$2.60,No Profile Detected,None,Paid (Direct Payment),None,,,None,None,None,None,None,None,None,GYN
162894,False,Finished<br/><a href="/admin/rider/riderfeedback/?flt1_9=162894">Feedback: 5</a>,R$0,,56285,,750755,10/17/2019 22:06:04,1,510717,88,34,430,2219,1571360774.84,R$4.30,No Profile Detected,None,Paid (Direct Payment),None,,,None,None,None,None,None,None,None,GYN
162893,False,Finished<br/><a href="/admin/rider/riderfeedback/?flt1_9=162893">Feedback: 5</a>,R$0,,37720,,750751,10/17/2019 22:04:57,1,510713,97,49,470,2219,1571360705.9,R$4.70,No Profile Detected,None,Paid (Direct Payment),None,,,None,None,None,None,None,None,None,GYN
162892,False,Finished,R$0,,27938,,750747,10/17/2019 22:03:51,1,510709,137,44,470,2219,1571360647.43,R$4.70,No Profile Detected,None,Paid (Direct Payment),None,,,None,None,None,None,None,None,None,GYN
162891,False,Canceled by rider,R$0,,56285,,750746,10/17/2019 22:03:46,1,510708,88,34,0,2219,1571360633.43,R$0,No Profile Detected,None,Free,None,,,,,None,None,1571360707.6,None,None,GYN
162890,False,Finished,R$0,,8940,,750744,10/17/2019 22:03:22,1,510706,53,59,860,2219,1571360617.75,R$8.60,No Profile Detected,None,Paid (Direct Payment),None,,,None,None,None,None,None,None,None,GYN
162889,False,Finished<br/><a href="/admin/rider/riderfeedback/?flt1_9=162889">Feedback: 5</a>,R$0,,56255,,750745,10/17/2019 22:03:25,1,510707,72,38,940,2219,1571360613.72,R$9.40,No Profile Detected,None,Paid (Direct Payment),None,,,None,None,None,None,None,None,None,GYN
162888,False,Finished<br/><a href="/admin/rider/riderfeedback/?flt1_9=162888">Feedback: 5</a>,R$0,,24639,,750743,10/17/2019 22:03:10,1,510705,133,62,470,2219,1571360600.56,R$4.70,No Profile Detected,None,Paid (Direct Payment),None,,,None,None,None,None,None,None,None,GYN
162887,False,Finished,R$0,,49321,,750742,10/17/2019 22:02:48,1,510704,123,45,500,2219,1571360578.14,R$5,No Profile Detected,None,Paid (Direct Payment),None,,,None,None,None,None,None,None,None,GYN
162886,False,Canceled by rider,R$0,,40018,,750737,10/17/2019 22:02:23,1,510699,96,31,0,2219,1571360560.94,R$0,No Profile Detected,None,Free,None,,,,,None,None,1571360662.87,None,None,GYN
162885,False,Finished<br/><a href="/admin/rider/riderfeedback/?flt1_9=162885">Feedback: 5</a>,R$0,,56697,None,750735,10/17/2019 22:02:10,1,510698,34,56,470,2219,1571360556.44,R$4.70,No Profile Detected,None,Paid (Direct Payment),None,,,None,None,None,None,None,None,None,GYN
162884,False,Finished<br/><a href="/admin/rider/riderfeedback/?flt1_9=162884">Feedback: 5</a>,R$0,,56678,None,750738,10/17/2019 22:02:29,1,510700,93,24,500,2219,1571360555.53,R$5,No Profile Detected,None,Paid (Direct Payment),None,,,None,None,None,None,None,None,None,GYN
162883,False,Finished,R$0,,47364,,750736,10/17/2019 22:02:10,1,510697,112,43,500,2219,1571360542.09,R$5,No Profile Detected,None,Paid (Direct Payment),None,,,None,None,None,None,None,None,None,GYN
162882,False,Finished,R$0,,56619,None,750732,10/17/2019 22:01:41,1,510695,112,43,500,2219,1571360522.09,R$5,No Profile Detected,None,Paid (Credits),None,,,None,None,None,None,None,None,None,GYN
162881,False,Finished,R$0,,50020,,750733,10/17/2019 22:01:41,1,510694,99,33,670,2219,1571360513.07,R$6.70,No Profile Detected,None,Paid (Direct Payment),None,,,None,None,None,None,None,None,None,GYN
162880,False,Finished,R$0,,41354,,750727,10/17/2019 21:59:14,1,510689,105,30,860,2219,1571360362.33,R$8.60,No Profile Detected,None,Paid (Direct Payment),None,,,None,None,None,None,None,None,None,GYN
162879,False,Finished,R$0,,56122,,750724,10/17/2019 21:58:56,1,510686,109,27,260,2219,1571360344.87,R$2.60,No Profile Detected,None,Paid (Credits),None,,,None,None,None,None,None,None,None,GYN
162878,False,Finished<br/><a href="/admin/rider/riderfeedback/?flt1_9=162878">Feedback: 5</a>,R$0,,38022,,750722,10/17/2019 21:58:33,2,510684,114,57,550,2219,1571360321.4,R$5.50,No Profile Detected,None,Paid (Direct Payment),None,,,None,None,None,None,None,None,None,GYN
162877,False,Finished<br/><a href="/admin/rider/riderfeedback/?flt1_9=162877">Feedback: 5</a>,R$0,,43335,,750716,10/17/2019 21:57:44,1,510678,110,53,860,2219,1571360273.22,R$8.60,No Profile Detected,None,Paid (Direct Payment),None,,,None,None,None,None,None,None,None,GYN
162876,False,Finished,R$0,,25626,,750715,10/17/2019 21:57:35,1,510677,79,52,860,2219,1571360264.76,R$8.60,No Profile Detected,None,Paid (Direct Payment),None,,,None,None,None,None,None,None,None,GYN
162875,False,Finished,R$0,,26965,,750707,10/17/2019 21:56:09,1,510669,119,25,860,2219,1571360177.64,R$8.60,No Profile Detected,None,Paid (Direct Payment),None,,,None,None,None,None,None,None,None,GYN
162874,False,Canceled by rider,R$0,,26965,,750703,10/17/2019 21:55:40,1,510665,119,25,0,2219,1571360147.57,R$0,No Profile Detected,None,Free,None,,,,,None,None,1571360154.28,None,None,GYN
162873,False,Canceled by rider,R$0,,29517,,750701,10/17/2019 21:55:14,2,510663,114,57,0,2219,1571360120.86,R$0,No Profile Detected,None,Free,None,,,,,None,None,1571360225.1,None,None,GYN
162872,False,Finished,R$0,,24616,,750700,10/17/2019 21:55:11,1,510662,106,61,500,2219,1571360119.94,R$5,No Profile Detected,None,Paid (Direct Payment),None,,,None,None,None,None,None,None,None,GYN
162871,False,Finished,R$0,,1729,,750677,10/17/2019 21:49:32,1,510641,110,53,250,2219,1571359781.42,R$2.50,No Profile Detected,None,Paid (Direct Payment),None,,,None,None,None,None,None,None,None,GYN
162870,False,Finished,R$0,,56391,None,750671,10/17/2019 21:47:25,1,510634,130,36,860,2219,1571359664.18,R$8.60,No Profile Detected,None,Paid (Credits),None,,,None,None,None,None,None,None,None,GYN
162869,False,Finished,R$0,,53171,,750670,10/17/2019 21:47:00,1,510633,123,45,860,2219,1571359626.33,R$8.60,No Profile Detected,None,Paid (Direct Payment),None,,,None,None,None,None,None,None,None,GYN
162868,False,Finished,R$0,,11912,,750667,10/17/2019 21:45:45,1,510630,72,38,500,2219,1571359563.52,R$5,No Profile Detected,None,Paid (Direct Payment),None,,,None,None,None,None,None,None,None,GYN
162867,False,Finished<br/><a href="/admin/rider/riderfeedback/?flt1_9=162867">Feedback: 5</a>,R$0,,44712,,750664,10/17/2019 21:43:28,1,510627,97,49,670,2219,1571359416.42,R$6.70,No Profile Detected,None,Paid (Direct Payment),None,,,None,None,None,None,None,None,None,GYN
162866,False,Canceled by rider,R$0,,29637,,750661,10/17/2019 21:42:23,1,510625,109,27,0,2219,1571359353.45,R$0,No Profile Detected,None,Free,None,,,,,None,None,1571359392.24,None,None,GYN
162865,False,Finished,R$0,,35791,,750651,10/17/2019 21:39:08,1,510619,120,60,670,2219,1571359161.0,R$6.70,No Profile Detected,None,Paid (Direct Payment),None,,,None,None,None,None,None,None,None,GYN
162864,False,Finished<br/><a href="/admin/rider/riderfeedback/?flt1_9=162864">Feedback: 5</a>,R$0,,40585,,750650,10/17/2019 21:38:49,1,510618,79,52,860,2219,1571359135.84,R$8.60,No Profile Detected,None,Paid (Direct Payment),None,,,None,None,None,None,None,None,None,GYN
162863,False,Finished<br/><a href="/admin/rider/riderfeedback/?flt1_9=162863">Feedback: 5</a>,R$0,,3630,,750646,10/17/2019 21:36:04,1,510614,97,49,670,2219,1571358974.01,R$6.70,No Profile Detected,None,Paid (Direct Payment),None,,,None,None,None,None,None,None,None,GYN
162862,False,Finished,R$0,,45460,,750644,10/17/2019 21:35:10,1,510612,53,59,500,2219,1571358917.99,R$5,No Profile Detected,None,Paid (Direct Payment),None,,,None,None,None,None,None,None,None,GYN
162861,False,Finished<br/><a href="/admin/rider/riderfeedback/?flt1_9=162861">Feedback: 5</a>,R$0,,46621,,750637,10/17/2019 21:33:08,1,510607,34,56,470,2219,1571358817.52,R$4.70,No Profile Detected,None,Paid (Direct Payment),None,,,None,None,None,None,None,None,None,GYN
162860,False,Finished,R$0,,6881,,750639,10/17/2019 21:33:17,1,510608,94,51,940,2219,1571358813.54,R$9.40,No Profile Detected,None,Paid (Direct Payment),None,,,None,None,None,None,None,None,None,GYN
162859,False,Finished,R$0,,39961,,750635,10/17/2019 21:32:35,1,510605,61,46,520,2219,1571358763.72,R$5.20,No Profile Detected,None,Paid (Direct Payment),None,,,None,None,None,None,None,None,None,GYN
162858,False,Finished,R$0,,2297,,750634,10/17/2019 21:32:29,1,510604,110,53,470,2219,1571358756.58,R$4.70,No Profile Detected,None,Paid (Direct Payment),None,,,None,None,None,None,None,None,None,GYN
162857,False,Finished,R$0,,40657,,750629,10/17/2019 21:30:57,1,510599,96,31,520,2219,1571358665.25,R$5.20,No Profile Detected,None,Paid (Credits),None,,,None,None,None,None,None,None,None,GYN
162856,False,Finished,R$0,,56689,None,750625,10/17/2019 21:29:25,7,510596,88,34,480,2219,1571358594.74,R$4.80,No Profile Detected,None,Paid (Direct Payment),None,,,None,None,None,None,None,None,None,GYN
162855,False,Finished,R$0,,2725,,750626,10/17/2019 21:29:26,1,510597,128,50,470,2219,1571358574.95,R$4.70,No Profile Detected,None,Paid (Direct Payment),None,,,None,None,None,None,None,None,None,GYN
162854,False,Finished<br/><a href="/admin/rider/riderfeedback/?flt1_9=162854">Feedback: 5</a>,R$0,,42384,,750624,10/17/2019 21:28:58,1,510595,135,23,520,2219,1571358549.28,R$5.20,No Profile Detected,None,Paid (Direct Payment),None,,,None,None,None,None,None,None,None,GYN
162853,False,Finished,R$0,,18385,,750623,10/17/2019 21:28:53,1,510594,137,44,500,2219,1571358544.41,R$5,No Profile Detected,None,Paid (Direct Payment),None,,,None,None,None,None,None,None,None,GYN
162852,False,Finished<br/><a href="/admin/rider/riderfeedback/?flt1_9=162852">Feedback: 5</a>,R$0,,158,,750619,10/17/2019 21:27:42,1,510590,109,27,670,2219,1571358468.4,R$6.70,No Profile Detected,None,Paid (Direct Payment),None,,,None,None,None,None,None,None,None,GYN
162851,False,Finished<br/><a href="/admin/rider/riderfeedback/?flt1_9=162851">Feedback: 5</a>,R$0,,2938,,750617,10/17/2019 21:27:26,1,510588,108,26,470,2219,1571358453.55,R$4.70,No Profile Detected,None,Paid (Direct Payment),None,,,None,None,None,None,None,None,None,GYN
162850,False,Finished,R$0,,56636,None,750614,10/17/2019 21:26:58,1,510585,114,57,470,2219,1571358430.13,R$4.70,No Profile Detected,None,Paid (Direct Payment),None,,,None,None,None,None,None,None,None,GYN
162849,False,Finished<br/><a href="/admin/rider/riderfeedback/?flt1_9=162849">Feedback: 5</a>,R$0,,202,,750613,10/17/2019 21:26:53,1,510583,129,28,670,2219,1571358422.87,R$6.70,No Profile Detected,None,Paid (Direct Payment),None,,,None,None,None,None,None,None,None,GYN
162848,False,Finished<br/><a href="/admin/rider/riderfeedback/?flt1_9=162848">Feedback: 5</a>,R$0,,12042,,750611,10/17/2019 21:26:45,1,510582,129,28,430,2219,1571358417.12,R$4.30,No Profile Detected,None,Paid (Credits),None,,,None,None,None,None,None,None,None,GYN
162847,False,Finished,R$0,,42505,,750609,10/17/2019 21:26:27,1,510580,108,26,860,2219,1571358400.47,R$8.60,No Profile Detected,None,Paid (Direct Payment),None,,,None,None,None,None,None,None,None,GYN
162846,False,Finished<br/><a href="/admin/rider/riderfeedback/?flt1_9=162846">Feedback: 5</a>,R$0,,30373,,750604,10/17/2019 21:25:34,2,510575,99,33,550,2219,1571358348.97,R$5.50,No Profile Detected,None,Paid (Credits),None,,,None,None,None,None,None,None,None,GYN
162845,False,Canceled by rider,R$0,,12042,,750600,10/17/2019 21:24:39,1,510571,99,33,0,2219,1571358288.51,R$0,No Profile Detected,None,Free,None,,,,,None,None,1571358302.19,None,None,GYN
162844,False,Finished,R$0,,14360,,750595,10/17/2019 21:22:47,1,510566,112,43,670,2219,1571358184.87,R$6.70,No Profile Detected,None,Paid (Direct Payment),None,,,None,None,None,None,None,None,None,GYN
162843,False,Finished<br/><a href="/admin/rider/riderfeedback/?flt1_9=162843">Feedback: 5</a>,R$0,,6503,,750594,10/17/2019 21:22:07,1,510565,93,24,500,2219,1571358135.41,R$5,No Profile Detected,None,Paid (Direct Payment),None,,,None,None,None,None,None,None,None,GYN
162842,False,Finished<br/><a href="/admin/rider/riderfeedback/?flt1_9=162842">Feedback: 5</a>,R$0,,4437,,750592,10/17/2019 21:21:25,1,510564,98,47,520,2219,1571358110.76,R$5.20,No Profile Detected,None,Paid (Credits),None,,,None,None,None,None,None,None,None,GYN
162841,False,Finished,R$0,,52290,,750585,10/17/2019 21:19:09,1,510558,132,42,1140,2219,1571357965.92,R$11.40,No Profile Detected,None,Paid (Direct Payment),None,,,None,None,None,None,None,None,None,GYN
162840,False,Finished<br/><a href="/admin/rider/riderfeedback/?flt1_9=162840">Feedback: 5</a>,R$0,,45965,,750581,10/17/2019 21:18:05,1,510554,137,44,520,2219,1571357896.36,R$5.20,No Profile Detected,None,Paid (Direct Payment),None,,,None,None,None,None,None,None,None,GYN
162839,False,Canceled by rider,R$0,,50860,None,750579,10/17/2019 21:17:39,2,510552,108,26,0,2219,1571357878.21,R$0,No Profile Detected,None,Free,None,,,None,None,None,None,1571358059.74,None,None,GYN
162838,False,Finished,R$0,,10377,,750577,10/17/2019 21:15:36,1,510550,97,49,670,2219,1571357751.65,R$6.70,No Profile Detected,None,Paid (Direct Payment),None,,,None,None,None,None,None,None,None,GYN
162837,False,Finished<br/><a href="/admin/rider/riderfeedback/?flt1_9=162837">Feedback: 5</a>,R$0,,40005,,750576,10/17/2019 21:15:15,1,510549,112,43,500,2219,1571357730.47,R$5,No Profile Detected,None,Paid (Direct Payment),None,,,None,None,None,None,None,None,None,GYN
162836,False,Finished<br/><a href="/admin/rider/riderfeedback/?flt1_9=162836">Feedback: 5</a>,R$0,,46995,,750574,10/17/2019 21:14:56,1,510548,79,52,430,2219,1571357704.91,R$4.30,No Profile Detected,None,Paid (Credits),None,,,None,None,None,None,None,None,None,GYN
162835,False,Finished,R$0,,2710,,750569,10/17/2019 21:11:54,1,510543,96,31,520,2219,1571357521.69,R$5.20,No Profile Detected,None,Paid (Direct Payment),None,,,None,None,None,None,None,None,None,GYN
162834,False,Finished<br/><a href="/admin/rider/riderfeedback/?flt1_9=162834">Feedback: 5</a>,R$0,,52988,,750566,10/17/2019 21:11:09,2,510540,113,29,550,2219,1571357481.93,R$5.50,No Profile Detected,None,Paid (Direct Payment),None,,,None,None,None,None,None,None,None,GYN
162833,False,Finished,R$0,,46999,,750559,10/17/2019 21:09:05,1,510533,135,23,670,2219,1571357358.76,R$6.70,No Profile Detected,None,Paid (Credits),None,,,None,None,None,None,None,None,None,GYN
162832,False,Finished,R$0,,3567,,750558,10/17/2019 21:08:51,3,510532,121,48,770,2219,1571357340.35,R$7.70,No Profile Detected,None,Paid (Direct Payment),None,,,None,None,None,None,None,None,None,GYN
162831,False,Finished<br/><a href="/admin/rider/riderfeedback/?flt1_9=162831">Feedback: 5</a>,R$0,,25640,,750554,10/17/2019 21:07:38,1,510528,128,50,500,2219,1571357265.72,R$5,No Profile Detected,None,Paid (Direct Payment),None,,,None,None,None,None,None,None,None,GYN
162830,False,Finished,R$0,,40089,,750553,10/17/2019 21:07:20,1,510527,105,30,670,2219,1571357246.64,R$6.70,No Profile Detected,None,Paid (Direct Payment),None,,,None,None,None,None,None,None,None,GYN
162829,False,Finished<br/><a href="/admin/rider/riderfeedback/?flt1_9=162829">Feedback: 5</a>,R$0,,56461,,750552,10/17/2019 21:06:30,2,510526,112,43,480,2219,1571357196.25,R$4.80,No Profile Detected,None,Paid (Credits),None,,,None,None,None,None,None,None,None,GYN
162828,False,Canceled by rider,R$0,,56461,,750550,10/17/2019 21:06:05,1,510524,135,23,0,2219,1571357177.43,R$0,No Profile Detected,None,Free,None,,,,,None,None,1571357184.57,None,None,GYN
162827,False,Finished<br/><a href="/admin/rider/riderfeedback/?flt1_9=162827">Feedback: 5</a>,R$0,,53668,,750549,10/17/2019 21:05:41,1,510523,95,54,500,2219,1571357150.82,R$5,No Profile Detected,None,Paid (Direct Payment),None,,,None,None,None,None,None,None,None,GYN
162826,False,Finished<br/><a href="/admin/rider/riderfeedback/?flt1_9=162826">Feedback: 5</a>,R$0,,20931,,750547,10/17/2019 21:05:14,1,510521,110,53,670,2219,1571357121.09,R$6.70,No Profile Detected,None,Paid (Direct Payment),None,,,None,None,None,None,None,None,None,GYN
162825,False,Finished,R$0,,48160,,750546,10/17/2019 21:04:59,1,510520,61,46,940,2219,1571357114.74,R$9.40,No Profile Detected,None,Paid (Direct Payment),None,,,None,None,None,None,None,None,None,GYN
162824,False,Finished,R$0,,2153,,750545,10/17/2019 21:04:22,1,510519,120,60,860,2219,1571357075.05,R$8.60,No Profile Detected,None,Paid (Direct Payment),None,,,None,None,None,None,None,None,None,GYN
162823,False,Finished,R$0,,46984,,750544,10/17/2019 21:04:01,2,510518,113,29,910,2219,1571357059.26,R$9.10,No Profile Detected,None,Paid (Direct Payment),None,,,None,None,None,None,None,None,None,GYN
162822,False,Finished<br/><a href="/admin/rider/riderfeedback/?flt1_9=162822">Feedback: 4</a>,R$0,,46368,,750540,10/17/2019 21:03:48,1,510514,101,32,860,2219,1571357052.54,R$8.60,No Profile Detected,None,Paid (Direct Payment),None,,,None,None,None,None,None,None,None,GYN
162821,False,Finished<br/><a href="/admin/rider/riderfeedback/?flt1_9=162821">Feedback: 5</a>,R$0,,46935,,750543,10/17/2019 21:03:57,1,510517,101,32,860,2219,1571357043.97,R$8.60,No Profile Detected,None,Paid (Direct Payment),None,,,None,None,None,None,None,None,None,GYN
162820,False,Finished<br/><a href="/admin/rider/riderfeedback/?flt1_9=162820">Feedback: 5</a>,R$0,,6876,,750539,10/17/2019 21:03:44,1,510513,109,27,670,2219,1571357031.45,R$6.70,No Profile Detected,None,Paid (Direct Payment and Credits),None,,,None,None,None,None,None,None,None,GYN
162819,False,Canceled by rider,R$0,,12333,,750536,10/17/2019 21:02:42,1,510510,127,58,0,2219,1571356971.51,R$0,No Profile Detected,None,Free,None,,,,,None,None,1571357199.9,None,None,GYN
162818,False,Finished<br/><a href="/admin/rider/riderfeedback/?flt1_9=162818">Feedback: 5</a>,R$0,,55298,,750533,10/17/2019 21:02:01,1,510509,97,49,470,2219,1571356932.78,R$4.70,No Profile Detected,None,Paid (Credits),None,,None,None,None,None,None,None,None,None,GYN
162817,False,Finished<br/><a href="/admin/rider/riderfeedback/?flt1_9=162817">Feedback: 5</a>,R$0,,42086,,750531,10/17/2019 21:01:26,1,510507,53,59,670,2219,1571356895.0,R$6.70,No Profile Detected,None,Paid (Direct Payment),None,,,None,None,None,None,None,None,None,GYN
162816,False,Reassigned,R$0,,55298,,750529,10/17/2019 20:59:58,1,510505,134,55,0,2219,1571356805.45,R$0,No Profile Detected,None,Free,None,,,,,None,None,1571356932.86,None,None,GYN
162815,False,Finished,R$0,,272,,750526,10/17/2019 20:59:06,1,510502,98,47,860,2219,1571356775.26,R$8.60,No Profile Detected,None,Paid (Direct Payment),None,,,None,None,None,None,None,None,None,GYN
162814,False,Finished<br/><a href="/admin/rider/riderfeedback/?flt1_9=162814">Feedback: 5</a>,R$0,,55427,,750521,10/17/2019 20:54:41,3,510497,136,35,620,2219,1571356490.03,R$6.20,No Profile Detected,None,Paid (Direct Payment),None,,,None,None,None,None,None,None,None,GYN
162813,False,Finished,R$0,,48264,,750519,10/17/2019 20:54:17,1,510495,137,44,470,2219,1571356467.96,R$4.70,No Profile Detected,None,Paid (Direct Payment),None,,,None,None,None,None,None,None,None,GYN
162812,False,Finished<br/><a href="/admin/rider/riderfeedback/?flt1_9=162812">Feedback: 5</a>,R$0,,56169,None,750516,10/17/2019 20:52:27,1,510492,121,48,520,2219,1571356358.28,R$5.20,No Profile Detected,None,Paid (Direct Payment),None,,,None,None,None,None,None,None,None,GYN
162811,False,Finished,R$0,,1836,,750515,10/17/2019 20:51:36,1,510491,127,58,860,2219,1571356303.65,R$8.60,No Profile Detected,None,Paid (Direct Payment),None,,,None,None,None,None,None,None,None,GYN
162810,False,Finished<br/><a href="/admin/rider/riderfeedback/?flt1_9=162810">Feedback: 3</a>,R$0,,15592,,750514,10/17/2019 20:51:14,1,510490,108,26,520,2219,1571356282.97,R$5.20,No Profile Detected,None,Paid (Credits),None,,,None,None,None,None,None,None,None,GYN
162809,False,Finished,R$0,,51794,,750513,10/17/2019 20:50:26,1,510489,95,54,430,2219,1571356237.28,R$4.30,No Profile Detected,None,Paid (Credits),None,,,None,None,None,None,None,None,None,GYN
162808,False,Finished<br/><a href="/admin/rider/riderfeedback/?flt1_9=162808">Feedback: 5</a>,R$0,,45523,,750510,10/17/2019 20:49:02,1,510486,110,53,470,2219,1571356150.36,R$4.70,No Profile Detected,None,Paid (Credits),None,,,None,None,None,None,None,None,None,GYN
162807,False,Finished<br/><a href="/admin/rider/riderfeedback/?flt1_9=162807">Feedback: 5</a>,R$0,,45012,,750509,10/17/2019 20:48:25,1,510485,88,34,520,2219,1571356121.43,R$5.20,No Profile Detected,None,Paid (Direct Payment),None,,,None,None,None,None,None,None,None,GYN
162806,False,Finished,R$0,,50603,,750505,10/17/2019 20:47:11,1,510481,61,46,860,2219,1571356053.99,R$8.60,No Profile Detected,None,Paid (Credits),None,,,None,None,None,None,None,None,None,GYN
162805,False,Finished<br/><a href="/admin/rider/riderfeedback/?flt1_9=162805">Feedback: 5</a>,R$0,,8967,,750506,10/17/2019 20:47:23,1,510482,97,49,500,2219,1571356053.11,R$5,No Profile Detected,None,Paid (Credits),None,,,None,None,None,None,None,None,None,GYN
162804,False,Finished,R$0,,53961,,750501,10/17/2019 20:46:43,1,510477,106,61,670,2219,1571356030.51,R$6.70,No Profile Detected,None,Paid (Direct Payment),None,,,None,None,None,None,None,None,None,GYN
162803,False,Finished<br/><a href="/admin/rider/riderfeedback/?flt1_9=162803">Feedback: 4</a>,R$0,,55382,,750504,10/17/2019 20:46:57,1,510480,101,32,470,2219,1571356023.9,R$4.70,No Profile Detected,None,Paid (Direct Payment),None,,,None,None,None,None,None,None,None,GYN
162802,False,Canceled by rider,R$0,,55427,,750502,10/17/2019 20:46:46,3,510478,108,26,0,2219,1571356013.49,R$0,No Profile Detected,None,Free,None,,,,,None,None,1571356182.45,None,None,GYN
162801,False,Finished<br/><a href="/admin/rider/riderfeedback/?flt1_9=162801">Feedback: 5</a>,R$0,,56618,,750500,10/17/2019 20:46:40,2,510476,40,40,570,2219,1571356007.13,R$5.70,No Profile Detected,None,Paid (Direct Payment and Credits),None,,,None,None,None,None,None,None,None,GYN
162800,False,Finished<br/><a href="/admin/rider/riderfeedback/?flt1_9=162800">Feedback: 5</a>,R$0,,29106,,750496,10/17/2019 20:44:43,1,510472,135,23,500,2219,1571355892.76,R$5,No Profile Detected,None,Paid (Direct Payment),None,,,None,None,None,None,None,None,None,GYN
162799,False,Finished,R$0,,40608,,750495,10/17/2019 20:44:16,1,510471,119,25,470,2219,1571355882.78,R$4.70,No Profile Detected,None,Paid (Direct Payment),None,,,None,None,None,None,None,None,None,GYN
162798,False,Finished,R$0,,45468,,750491,10/17/2019 20:43:23,1,510467,96,31,860,2219,1571355828.76,R$8.60,No Profile Detected,None,Paid (Direct Payment),None,,,None,None,None,None,None,None,None,GYN
162797,False,No show,R$0,,45012,,750484,10/17/2019 20:40:48,1,510463,88,34,0,2219,1571355655.3,R$0,No Profile Detected,None,Free,None,,,None,None,None,None,None,None,None,GYN
162796,False,Finished<br/><a href="/admin/rider/riderfeedback/?flt1_9=162796">Feedback: 5</a>,R$0,,41344,,750469,10/17/2019 20:36:33,1,510451,110,53,430,2219,1571355410.17,R$4.30,No Profile Detected,None,Paid (Credits),None,,,None,None,None,None,None,None,None,GYN
162795,False,Finished<br/><a href="/admin/rider/riderfeedback/?flt1_9=162795">Feedback: 5</a>,R$0,,55472,,750465,10/17/2019 20:34:46,1,510449,109,27,500,2219,1571355311.16,R$5,No Profile Detected,None,Paid (Direct Payment),None,,,None,None,None,None,None,None,None,GYN
162794,False,Finished,R$0,,55930,,750463,10/17/2019 20:34:01,1,510447,134,55,520,2219,1571355252.02,R$5.20,No Profile Detected,None,Paid (Direct Payment),None,,,None,None,None,None,None,None,None,GYN
162793,False,Finished<br/><a href="/admin/rider/riderfeedback/?flt1_9=162793">Feedback: 5</a>,R$0,,45430,,750462,10/17/2019 20:33:56,1,510446,93,24,430,2219,1571355247.43,R$4.30,No Profile Detected,None,Paid (Direct Payment),None,,,None,None,None,None,None,None,None,GYN
162792,False,Finished<br/><a href="/admin/rider/riderfeedback/?flt1_9=162792">Feedback: 5</a>,R$0,,5750,,750459,10/17/2019 20:33:15,1,510444,72,38,670,2219,1571355200.92,R$6.70,No Profile Detected,None,Paid (Direct Payment),None,,,None,None,None,None,None,None,None,GYN
162791,False,Finished,R$0,,44140,,750458,10/17/2019 20:32:18,2,510443,123,45,990,2219,1571355146.32,R$9.90,No Profile Detected,None,Paid (Direct Payment),None,,,None,None,None,None,None,None,None,GYN
162790,False,Finished,R$0,,27012,,750452,10/17/2019 20:31:32,1,510437,121,48,500,2219,1571355102.15,R$5,No Profile Detected,None,Paid (Direct Payment),None,,,None,None,None,None,None,None,None,GYN
162789,False,Finished,R$0,,55634,,750451,10/17/2019 20:31:13,1,510436,136,35,670,2219,1571355082.35,R$6.70,No Profile Detected,None,Paid (Direct Payment),None,,,None,None,None,None,None,None,None,GYN
162788,False,Finished<br/><a href="/admin/rider/riderfeedback/?flt1_9=162788">Feedback: 5</a>,R$0,,26331,,750449,10/17/2019 20:30:50,1,510434,98,47,670,2219,1571355059.33,R$6.70,No Profile Detected,None,Paid (Direct Payment),None,,,None,None,None,None,None,None,None,GYN
162787,False,Canceled by rider,R$0,,40608,,750446,10/17/2019 20:30:31,1,510433,123,45,0,2219,1571355044.45,R$0,No Profile Detected,None,Free,None,,,,,None,None,1571355081.26,None,None,GYN
162786,False,Finished,R$0,,24140,,750440,10/17/2019 20:29:15,1,510428,133,62,670,2219,1571354965.37,R$6.70,No Profile Detected,None,Paid (Direct Payment),None,,,None,None,None,None,None,None,None,GYN
162785,False,Canceled by rider,R$0,,53023,,750437,10/17/2019 20:27:56,3,510425,110,53,0,2219,1571354907.44,R$0,No Profile Detected,None,Free,None,,,,,None,None,1571355098.19,None,None,GYN
